rank,name,url,overallRating,easeOfUse,design,features,outputs,privacy,accountFriction,resultQuality,bestFor,pricing,tags
1,GroupMixer,https://www.groupmixer.app,4.7,4.6,4.1,4.8,4.8,4.5,5.0,5.0,Almost every group generation usecase,"Free browser-based tool. No account, subscription, or paywall for the solver, imports, exports, scenario storage, or result diagnostics.","multi-round,constraints,privacy-friendly,strong-exports"
2,ChatGPT Pro Extended Reasoning,https://chatgpt.com/plans/pro/,4.5,4.5,4.4,5.0,5.0,2.1,2.0,5.0,Complex natural-language grouping drafts when cost and verification are acceptable,Paid ChatGPT Pro plan; pricing has varied by Pro tier/region and is far more expensive than typical group-generator tools. Business/Enterprise privacy defaults are different from consumer Pro.,"multi-round,constraints,strong-exports,ai-assisted"
3,Social Golfer Online,https://socialgolfer.online/,4.3,3.3,4.0,4.5,4.4,3.6,2.0,4.6,"Golf leagues, trips, tournaments, and other multi-round schedules where avoiding repeat pairings matters",Free during beta for individual non-commercial use. The site says beta registrants are grandfathered into Lifetime Premium at $0 if paid tiers are introduced; agent/club/pro features may require direct access or future tiers.,"multi-round,constraints,strong-exports"
4,Clever Groups,https://clevergroups.com/tryit,4.2,3.2,3.3,4.4,4.0,2.8,3.0,4.1,"Preference-based classroom, camp, event, and accommodation grouping","Free try-it mode without registration. Registration unlocks saved teams, multiple teams, spreadsheet import, and student self-entry workflows; site copy says the service has been free, but subscription/payment infrastructure exists in the privacy policy.","constraints,self-join,strong-exports"
5,ClassroomGroupGenerator.com,https://classroomgroupgenerator.com/,4.1,4.0,4.2,4.2,4.1,3.6,4.6,3.8,"Teachers who want browser-saved rosters, constraints, presentation mode, and classroom-tool integration","Free guest workflow with browser-only storage and no signup required. Pro is advertised at $2.99/month for cloud saving, multi-device sync, AI tools, support, and related classroom-suite features.","constraints,strong-exports"
6,Educatarea Random Group Generator,https://educatarea.com/random-group-generator/,4.0,3.7,3.1,4.0,4.5,3.1,5.0,3.6,"Teachers who need roles, restrictions, multiple pools, history, PDF, and print without an account",Free web tool. No account required.,"constraints,strong-exports"
7,Good-Enough Golfers,https://goodenoughgolfers.com/,4.0,3.2,2.4,3.8,3.5,4.8,5.0,4.0,Simple social-golfer-style multi-round schedules,Free and open source; optional tip jar. No account or subscription required.,"multi-round,constraints,privacy-friendly,strong-exports"
8,Grouper.school,https://grouper.school/,4.0,3.4,4.6,4.1,3.3,4.0,1.6,4.0,Account-based classroom grouping with Google Classroom/Clever rosters and student attributes,"Free plan includes randomized/custom groups, smart groups using up to two student attributes, do-not-group-with, absent marking, recent groupings for 7 days, Live Mode, Google Classroom/Clever auto-roster, and up to 40 students per class. Pro is advertised at $6.99/month per teacher annually and adds unlimited attributes, roles, permanent saved groupings, larger classes, AI-assisted imports, co-teacher support, and priority support.",constraints
9,Shuffly,https://shuffly.netlify.app/,4.0,4.2,4.4,4.0,4.4,3.4,4.5,4.0,Skill- and gender-balanced random teams with strong free exports,"Free plan supports up to 20 participants, 2 groups, manual entry, skill balancing, copy, PNG, Excel/CSV export, reshuffle, and 1 saved setup. Base is €3.99/month with 100 participants, 10 groups, file import, PDF export, and 5 saved setups. Premium is €7.99/month with 999 participants, 50 groups, unlimited saved setups, custom integrations, and advanced algorithms.","constraints,strong-exports"
10,Team Shake,https://www.rhine-o.com/www/iphone-apps/team-shake/,4.0,3.7,2.8,4.0,4.3,4.6,3.2,3.8,Mobile-first balanced team generation for teachers and coaches,"Paid app-store purchase; developer lists it at $0.99 USD, with actual pricing varying by platform/region. No separate Team Shake account or subscription is needed after purchase.","constraints,strong-exports"
11,TeamMaker App,https://teammakerapp.vercel.app/,4.0,4.2,4.1,4.0,4.4,3.7,5.0,3.2,"Local, no-account team making with strong classroom presentation and exports","Free, with a Ko-fi tip link. No account is required.","constraints,strong-exports"
12,Instructron Group Generator,https://instructron.com/tools/group-generator,3.9,4.1,4.2,3.8,4.0,4.0,4.0,3.6,Teachers who want quick random groups with basic balancing and keep-apart rules,Free no-account group generator for quick manual use. Account creation is pushed for classroom import and saved/reusable plans; paid plans appear to unlock deeper student filters/profile signals and broader Instructron classroom features.,"constraints,privacy-friendly,strong-exports"
13,BuddyMatcher,https://www.buddymatcher.co.uk/,3.8,4.0,3.8,3.7,4.0,4.6,1.5,3.3,"Teachers who need pairs/trios, local saved lists, and optional paid control features","Free basic tool. Buddy Matcher Pro is advertised as a £3.99 one-off upgrade for larger/custom groups, keep-apart pairs, leaders, saved lists, export, and print layouts.","constraints,privacy-friendly,strong-exports"
14,Calcbe Team Generator,https://calcbe.com/en/tools/team-generator/,3.8,4.2,4.0,3.7,4.6,4.1,5.0,3.0,Privacy-conscious one-session random teams with simple constraints and strong exports,Free web tool. No account required.,"constraints,privacy-friendly,strong-exports"
15,Random Roster,https://randomroster.com/,3.8,3.7,4.0,4.0,3.4,3.3,3.5,4.0,"Teacher group generator with capability balance, preferences, history, and seating charts","Free forever tier with no-signup quick grouping. Pro Lifetime is listed as a one-time $19 upgrade for unlimited rosters, constraints, CSV import/export, presentation mode, seating charts, and share links.",constraints
16,RandomPicker Random Team Generator,https://random-picker.app/random-team-generator,3.8,3.9,3.9,4.0,3.0,3.3,5.0,3.7,"Advanced browser-side teams with CSV/TXT import, locks, exclusions, skills, copy, and TXT download",Free web tool; no account required in tested flow.,constraints
17,UTEKAR Random Team Generator,https://utekar.com/text/random-team-generator/,3.8,3.6,3.6,4.0,4.0,2.8,5.0,3.5,"Advanced browser-side team generation with attributes, seed, exports, and multi-round repeat reduction",Free. No account is required. The page includes an upsell banner for custom software/MVP work.,"multi-round,constraints,strong-exports"
18,WebToolNexus Random Team Generator,https://webtoolnexus.com/tools/random-team-generator/,3.8,3.6,3.6,3.5,3.2,4.5,5.0,3.5,Skill-aware random teams with balance report and text export,Free web tool. The site presents itself as no-account and no-tracking.,"constraints,privacy-friendly"
19,Classroomscreen Group Maker,https://classroomscreen.com/app/template/widget-tutorials-tutorial-group-maker-v1,3.7,3.4,4.4,3.8,2.6,4.2,2.8,3.2,"Teachers already using Classroomscreen who want visual classroom groups, saved name lists, exclusions, and manual adjustment","Basic is free and includes all widgets plus saving up to three name lists. Pro is about $36/year and adds saving/sharing screens, folders, unlimited name lists, custom backgrounds, widget themes, and other classroom-screen features.","constraints,privacy-friendly"
20,digtools Team Generator,https://tools.digrart.jp/en/team-gen,3.7,3.7,3.8,4.0,4.2,1.5,5.0,3.5,"Browser-side teams with skills, NG pairs, leaders, save/load, CSV, text, and image output",Free. No account is required.,"constraints,strong-exports"
21,Peon Inc Random Team Generator,https://www.peon-inc.net/community-tools/RandomTeamGenerator.html,3.7,2.8,2.1,4.0,4.0,4.4,5.0,3.8,"Local sports/team draft generator with pins, buddies, conflicts, and CSV roster import/export",Free web tool. No account required.,"constraints,privacy-friendly,strong-exports"
22,Randomizer.uk Create Groups,https://randomizer.uk/multicriteria-team,3.7,2.9,3.4,3.8,4.2,3.2,4.2,3.4,Multi-criteria random groups with proof/share/export options,"Free basic group/team generation with no registration required. Paid/dedicated publication options appear for sharing, layout customization, proof/certification, and GDPR/publication settings.","constraints,strong-exports"
23,Randraw Multicriteria Team,https://randraw.com/multicriteria-team,3.7,3.3,2.7,4.0,4.1,4.0,4.2,3.3,"No-account multicriteria grouping with pots, separation rules, and exports",Free for ephemeral no-account draws; account/signup is promoted for saved sharing/history.,"constraints,privacy-friendly,strong-exports"
24,TeamSplit,https://teamsplit.net/,3.7,3.6,4.0,3.3,3.6,4.1,5.0,3.1,"Polished no-account team splitting with import/export, reps, and team names",Free web tool. No account required.,privacy-friendly
25,Zapadisk Team Generator,https://zapadisk.be/team-generator.html,3.7,2.5,2.1,3.8,2.0,3.8,5.0,4.0,"Balancing sport/player teams by level, gender, and multi-day attendance",Free open-source web tool. No account is required.,constraints
26,Zufallsgenerator Gruppen bilden,https://zufallsgenerator.de/gruppen-bilden,3.7,2.9,3.4,3.8,4.2,3.2,4.2,3.4,"German-speaking users who need random groups with pots, separation rules, fixed placements, and exports","Free basic tool. Account/promoted paid options appear for sharing, layout customization, proof/certification, and full GDPR/publication settings.","constraints,strong-exports"
27,FreeRandomTools Random Team Generator,https://freerandomtools.org/random-team-generator/,3.6,3.2,3.7,4.0,3.7,1.8,5.0,3.3,"Sports-style teams with skill-balanced and captain modes, copy formats, history, and local state",Free. No account is required.,constraints
28,GroupEng,https://groupeng.org/,3.6,1.7,1.4,4.1,3.3,4.6,4.0,4.0,"Open-source command-line grouping with distribute, aggregate, cluster, and balance rules",Free and open source under AGPLv3.,constraints
29,InstaGroups,https://instagroups.app/,3.6,3.0,3.8,4.2,3.0,2.8,3.0,4.0,"PE/coaching team generator with balancing, tournaments, analytics, and collaboration",Free to use with no credit card required. Web and iOS app are available; account/login flows exist for the product.,constraints
30,LiveReacting Random Team Generator,https://www.livereacting.com/tools/random-team-generator,3.6,3.7,3.5,3.4,4.1,2.6,5.0,3.4,"No-signup random teams with leaders, skill levels, custom names, and CSV/TXT export",Free online tool. No signup is required for the random team generator; the broader LiveReacting product has sign-in/sign-up flows.,"constraints,strong-exports"
31,Picker Wheel Team Picker,https://pickerwheel.com/tools/random-team-generator/,3.6,3.8,3.7,3.6,4.4,1.6,3.8,3.4,Visual live random grouping and self-join team picking,"Free basic team picker with ads. Account/subscriber storage is relevant for persistent cloud files and larger quotas, but the basic team-picking workflow is free.","constraints,self-join,strong-exports"
32,Prompt2Tool Team Grouping Tool,https://prompt2tool.com/tools/productivity/team-grouping-tool,3.6,4.0,3.4,3.5,3.8,4.0,4.7,2.8,Random teams with leader distribution and Excel export,Free public tool. No account is required for the tested workflow; the broader site has login/sign-up navigation.,"constraints,privacy-friendly"
33,Toolgami Random Team Generator,https://toolgami.bildirchin.com/tool/random-team-generator,3.6,3.6,3.4,3.2,4.0,2.7,5.0,3.3,Random or skill-based teams with CSV/JSON export,Free web tool with site account/trial navigation elsewhere. No account is required for the team-generator workflow.,"constraints,strong-exports"
34,Eenie Meenie Random Team Generator,https://eeniemeenie.photonbuilder.com/team-generator,3.5,3.8,3.7,3.3,2.4,3.3,5.0,3.4,"Browser-side teams with captain mode, skill ratings, and local saved groups",Free web tool. No account is needed for the reviewed team-generator workflow.,constraints
35,GroupMixes,https://groupmixes.com/group-generator,3.5,4.2,4.0,3.5,4.0,2.6,5.0,3.4,Teachers who want quick mixed-ability classroom groups,"Free, ad-supported web tool. No sign-up required for the group generator.","constraints,strong-exports"
36,LessonKind Group Maker,https://lessonkind.com/tools/group-maker/,3.5,4.0,3.6,3.0,3.0,3.7,5.0,3.2,Teacher group maker with local class list and keep-apart pairs,Free web tool. No sign-up is required.,constraints
37,Playpass Golf Schedule Maker,https://playpass.com/sports-software/golf-schedule-maker,3.5,3.8,3.7,3.5,4.0,2.7,4.6,3.4,Golf rotating-partner and round-robin schedules,"Free public schedule generator with no signup required for the tested draft schedule. Playpass also sells broader sports-management features for registration, payments, memberships, bookings, waivers, websites, and publishing workflows.","multi-round,constraints,strong-exports"
38,Writing in the Stream Smart Group Generator,https://writinginthestream.com/wp-content/uploads/2026/03/randomgroupgenerator.html,3.5,3.2,2.8,3.6,2.9,4.8,5.0,3.0,"Teacher-owned local HTML grouping with attendance, class storage, drag/drop, and JSON import/export",Free. No account is required.,"constraints,privacy-friendly"
39,GolfSoftware Play All Schedule Generator,https://www.golfsoftware.com/tools/schedule/playall.html,3.4,3.0,1.8,3.5,2.8,4.6,5.0,4.0,Golf groups that need multi-event pairings from preset golfer counts and group sizes,Free web calculator. No account required.,"multi-round,constraints,privacy-friendly"
40,MultiPicker Team Picker,https://multipicker.com/team-picker,3.4,3.7,4.3,3.2,2.0,3.2,5.0,2.8,"Simple teams where gender distribution, representatives, and custom team names matter",Free web tool. No account required.,constraints
41,RandomGroupGenerator.net,https://randomgroupgenerator.net/,3.4,4.3,3.8,3.0,4.2,2.7,5.0,2.4,Polished one-off random groups with CSV/Excel-style exports,Free. No account is required.,strong-exports
42,SpacebarCount Team Generator,https://www.spacebarcount.com/randomizers/team-generator/,3.4,4.0,3.6,3.0,2.8,4.2,4.8,2.4,Polished browser-local team cards with bench and dedupe options,Free. No account is required; the broader Spacebar Count site has account/pro navigation.,privacy-friendly
43,Strategic Group Maker,https://workspace.google.com/marketplace/app/strategic_group_maker/997854293694,3.4,2.5,2.8,4.0,4.2,2.2,1.5,3.8,Google Sheets add-on for strategic classroom groups and Zoom breakout export,Google Workspace Marketplace add-on. Pricing is not shown; installation and Google account permissions are required.,"constraints,strong-exports"
44,TeamGenerator.net Team Generator,https://www.teamgenerator.net/team-generator,3.4,3.0,3.8,3.6,3.2,1.4,5.0,3.6,Sports and game teams balanced by skill ratings and roles,Free ad-supported web tool. No account is required.,constraints
45,Toolora Team Generator,https://toolora.info/en/t/team-generator/,3.4,4.3,3.8,2.5,2.3,4.4,5.0,2.8,Private browser-side random teams with copy and settings share,Free browser tool. No account or paid tier is needed for the team generator.,privacy-friendly
46,AI225 Team Generator,https://tools.ai225.com/en/tools/team-generator/,3.3,3.8,3.2,3.2,3.4,2.4,5.0,2.3,"Browser-side random teams with import, exclude toggles, history, copy, and export",Free. No account is required.,ai-assisted
47,ClassInteractives Formgroup Creator,https://groupings.classinteractives.co.uk/,3.3,2.0,1.8,3.7,3.2,3.8,5.0,3.6,UK-style form/class allocation using friends and must-avoid relationships,Free. No account is required.,"constraints,strong-exports"
48,CodersTool Random Group Generator,https://www.coderstool.com/random-group-generator,3.3,3.8,3.6,3.4,4.0,1.1,5.0,2.5,"Reusable random groups with seed, history, sharing, TXT/CSV, and saved lists",Free. No account is required.,strong-exports
49,DateRounds,https://daterounds.com/,3.3,3.3,3.2,3.7,2.2,2.5,4.7,3.5,Small free speed-dating or networking rotation events,Free host event with no signup or credit card for up to six attendees. Larger events require paid event packs or subscriptions.,"multi-round,constraints,self-join"
50,MatchBalancer Volleyball Team Generator,https://matchbalancer.com/volleyball-team-generator,3.3,2.4,3.7,4.0,3.0,2.1,1.5,4.0,"Volleyball team balancing by skill, position, roster, and match history",Free trial with 4 matches and unlimited players; Pro unlocks unlimited matches and CSV export. Sign-in is required.,constraints
51,PickWinner Random Team Generator,https://pickwinner.tools/tools/random-team-generator,3.3,4.1,3.6,2.8,2.5,4.2,5.0,2.7,Clean privacy-friendly random team cards with shareable URLs,Free web tool; source linked on GitHub.,privacy-friendly
52,Random-Group-Generator.com,https://random-group-generator.com/,3.3,4.1,4.0,3.3,4.0,1.7,4.2,3.0,Single-session browser grouping with copy/export/share controls and lightweight balance modes,Free for basic generation. Saving/history uses login. The page advertises optional sync/account features rather than a clearly priced paid plan.,"constraints,strong-exports"
53,Sport Scheduler Pro Free Schedule Generator,https://sportschedulerpro.com/create,3.3,3.9,3.6,3.4,4.3,2.6,4.7,3.1,Free round-robin team schedules with links and exports,"Free schedule generator with no signup required for the tested workflow. Pro features are advertised for deeper league management, extra edits, and larger/managed workflows.","multi-round,constraints,strong-exports"
54,WebRandom Random Team Generator,https://www.webrandom.com/,3.3,4.0,3.4,2.8,3.8,4.0,5.0,2.2,"No-account random teams with custom names, copy, text download, and share link",Free. No account is required.,privacy-friendly
55,Wooclap Team Picker,https://tool.wooclap.com/en/free-group-maker,3.3,4.8,4.4,2.4,4.8,4.2,5.0,2.1,Polished simple random teams with strong export options,Free standalone group-generator page. No account is required for this specific free team picker; do not confuse it with Wooclap’s broader paid audience-engagement product.,"privacy-friendly,strong-exports"
56,Any One Will Do,https://anyonewilldo.com/,3.2,3.0,3.8,2.7,2.8,4.2,5.0,2.6,Privacy-friendly browser-only random picker and group drafter,Free browser tool. No account required; support/donation links are separate.,privacy-friendly
57,DecisionFlip Random Team Generator,https://decisionflip.com/random-team-generator,3.2,4.0,3.2,2.8,2.8,2.0,5.0,3.2,Skill-aware random team maker with saved configurations and copy output,Free ad-supported web tool. No account required for the generator.,constraints
58,FastRounds,https://fastrounds.com/,3.2,3.4,3.2,3.4,2.3,2.6,4.7,3.4,Small free speed-networking round rotation events,Free host event with no signup or credit card for up to six attendees. Larger events require paid event packs or subscriptions.,"multi-round,constraints,self-join"
59,Flipiffy Random Group Generator,https://flipiffy.com/random-tools/group-generator/,3.2,3.3,2.9,3.3,3.3,0.9,5.0,2.7,"Basic random groups with leaders, exclusions, saved list, CSV, and copy",Free. No account is required.,"constraints,strong-exports"
60,Grouperapp.net,https://grouperapp.net/,3.2,2.8,3.7,3.6,3.0,2.4,1.8,3.2,Google Classroom teachers who want paid group history and preferences,"14-day free trial, then advertised at $6.99/month on the Professional plan.","constraints,strong-exports"
61,Keamk,https://www.keamk.com/random-team-generator,3.2,2.9,2.0,3.4,4.3,1.0,4.0,3.1,Random teams with basic gender or skill balancing,"Free basic team generator with optional account/admin features for saving and managing groups. The free workflow is usable, but persistence and classroom-management convenience depend more on the account side.","constraints,strong-exports"
62,PrepPanel Classroom Group Generator,https://preppanelclassroom.com/,3.2,3.0,3.8,3.8,2.6,2.9,2.8,3.7,Chrome-extension classroom tool with ability-balanced groups and relationship rules,Free Chrome extension. No paid plan was required by the public landing page.,constraints
63,PrintYourBrackets Round Robin Generator,https://www.printyourbrackets.com/round-robin-generator.php,3.2,3.3,2.0,3.3,4.0,1.2,5.0,3.6,"Tournament organizers who need printable round-robin schedules, pools, Excel export, and share links",Free web generator. No account required for the printable schedule flow. The site promotes a free online tournament manager as a separate upgrade path/workflow.,"multi-round,constraints,strong-exports"
64,RandomTeamBuilder.com,https://randomteambuilder.com/,3.2,3.5,3.1,3.4,1.8,1.5,3.8,2.7,Visual random teams with drag-and-drop adjustment and exclusion-rule claims,Free for the visible randomizer. Account/login surfaces exist for list/account features.,constraints
65,Raugen Random Team Generator,https://raugen.com/toolbox/random-team-generator,3.2,4.0,3.7,2.7,3.2,2.5,4.8,2.3,"Quick random teams with custom team names, copy-all output, basic stats, and local generation history",Free web tool. No account required for team generation; sign-in exists for the broader RauGen site.,ai-assisted
66,TextGround Random Group Generator,https://www.textground.com/tools/random-group-generator/,3.2,3.8,3.3,2.8,3.4,2.0,5.0,2.2,"Simple group splitting with bulk import, reshuffle, copy, and download",Free. No account is required.,
67,afreetools Smart Team Generator,https://afreetools.com/smart-team-generator,3.1,3.2,2.7,3.3,1.8,0.8,5.0,3.0,"Small smart-team experiments with skill, role, avoid-pair, and share-link controls",Free. No account is required.,constraints
68,AppSorteos Random Teams Generator,https://app-sorteos.com/en/apps/random-teams-generator,3.1,4.6,3.9,2.4,4.0,2.0,4.6,2.1,Polished free random teams with leaders and share/export buttons,The random team generator is free and works without an account. AppSorteos also has paid plans for its broader giveaway/promotion platform; saving or sharing results directly from the app requires login/account creation.,strong-exports
69,FateFactory Team Splitter,https://www.fatefactory.org/en/team-splitter,3.1,3.0,3.8,2.9,3.2,4.0,5.0,2.2,"Ad-light random teams with file import, local templates, sharing, and QR output",Free. No account is required.,privacy-friendly
70,FlipACoinOnline Random Team Generator,https://flipacoinonline.com/random-team-generator/,3.1,3.8,3.2,2.1,3.3,1.8,5.0,2.5,Random teams with CSV download and team label styles,"Free, ad-supported web tool. No account is needed.",strong-exports
71,Mate.tools Random Team Generator,https://mate.tools/random-team-generator,3.1,3.8,3.3,2.6,2.5,2.0,5.0,2.2,"Simple browser-side teams with by-count/by-size modes, organizer selection, and copy",Free. No account is required.,
72,PickerKit Team Picker,https://pickerkit.com/team-picker,3.1,3.2,3.8,2.8,3.0,2.4,5.0,2.3,"Polished random teams with representatives, share, and save/load file controls",Free. No account is required.,
73,RandTools Random Team Generator,https://randtools.com/random-team-generator,3.1,4.4,3.8,1.8,2.0,4.2,5.0,2.1,Privacy-conscious basic random team splitting with copy output,"Free web tool. No signup, download, or account is required.","privacy-friendly,basic-randomizer"
74,Shibutz Random Group Generator,https://www.shibutz.com/free-tools/random-groups,3.1,4.0,3.4,2.1,2.6,2.6,5.0,2.5,Teacher-focused random groups with fixed-size or fixed-count modes,Free tool with no registration required for the random group generator. The surrounding Shibutz product has sign-in and trial flows.,
75,Team Balancer Generic Team Balance,https://www.team-balancer.com/generic-team-balance,3.1,2.8,2.8,3.1,1.5,3.3,5.0,3.7,Attribute-based team balancer for small manual rosters,Free web tool. No account required.,constraints
76,Toolnest Random Team Generator,https://lab.golamrabbani.org/generators/random-team-generator,3.1,4.0,3.4,2.5,2.0,3.2,5.0,2.8,Privacy-conscious basic teams with team-count/team-size modes and copy output,Free web tool.,
77,TurboToolkit Split List Into Groups,https://turboutilkit.com/splitlistintogroups/,3.1,3.2,2.8,3.1,4.0,1.6,5.0,2.2,"General list splitting with randomize, dedupe, sorting, CSV/JSON/text output, copy, and TXT download",Free. No account is required.,strong-exports
78,Utils.fun Random Grouping,https://utils.fun/random-group,3.1,3.1,3.2,2.7,3.1,4.2,5.0,2.2,Chinese-language browser grouping with copy/download output,Free. No account is required.,privacy-friendly
79,WheelOfNames.net Team Picker,https://wheelofnames.net/team-picker,3.1,3.7,3.2,2.6,3.1,1.2,5.0,2.8,Ad-supported team picker with skill/custom-name toggles and text export,"Free, ad-supported web tool. No account is needed.",constraints
80,Begoodtool Smart Grouping Tool,https://begoodtool.com/smart-grouping/en,3.0,2.9,3.2,4.0,3.3,0.9,5.0,2.4,"Experimental rule-based grouping with tags, violations, drag/drop, and Excel export",Free. No account is required. The page includes ads/consent and donation prompts.,constraints
81,Betext Random Team Generator,https://betext.io/random-team-generator/,3.0,4.2,3.4,2.6,3.5,3.1,5.0,2.2,Basic random teams with leaders and CSV/TXT/copy output,Free. No account is required.,strong-exports
82,Camp Chieflings TeamGen-360,https://chieflings.com/tools/teamgen-360/,3.0,3.4,3.1,2.6,1.8,2.0,4.5,2.6,Team generator with leaders and random team names,"Free web tool. The broader site has sign-in/shop surfaces, but the generator itself is available without an account.",
83,ChatGPT (Free Version),https://chatgpt.com/,3.0,4.0,4.4,3.4,3.2,2.0,3.5,2.8,Natural-language grouping when users are willing to verify the output,"Free tier available with usage/model/tool limits. Higher limits, stronger models, and business privacy defaults require paid ChatGPT plans; free consumer chats may be used to improve models depending on data controls/settings.","constraints,ai-assisted"
84,Chirag Mehta Team Maker,https://chir.ag/projects/team-maker/,3.0,4.3,2.5,2.7,3.5,2.7,5.0,2.2,Lightweight random teams with editable team names and CSV output,Free. No account is required.,strong-exports
85,CinderGPT Random Team Generator,https://www.cindergpt.com/tools/random-team,3.0,4.3,3.6,2.1,3.4,2.7,5.0,2.1,Quick random teams with copy/download/share and local browser processing claims,Free web tool. No registration required.,
86,ConverterPanda Random Group Generator,https://converterpanda.com/random-group-generator/,3.0,3.5,3.1,3.0,3.2,1.2,5.0,2.2,"Basic random groups with remaining-member handling, naming styles, stats, export, and print",Free. No account is required.,
87,DecodeIt Random Team Generator,https://decodeit.app/en/randomizers/random-team-generator,3.0,4.2,4.0,2.2,2.8,1.8,5.0,2.4,"Polished browser-based random team splitter with upload, examples, and custom team names",Free web tool. No account required.,
88,Diverse Group Generation,https://diverse-group-generation.vercel.app/,3.0,2.2,3.1,3.0,1.4,2.0,5.0,3.6,Small attribute-balanced grouping experiments,Free. No account is required.,constraints
89,EliteAI Tools Random Team Generator,https://eliteai.tools/tool/random-team-generator,3.0,3.2,2.8,2.8,3.3,2.8,5.0,2.7,Random teams with captains and table/text/CSV output,Free online tool. No paid tier is described for the random team generator.,ai-assisted
90,FateWheel Team Generator,https://fatewheel.com/tools/team-generator,3.0,3.8,4.0,2.5,1.0,2.8,5.0,2.2,Visual random team assignment with team-count/team-size modes,"Free web tool with no account required for the tested generation flow. The wider site has login, saved-wheel, pricing, and ad-supported surfaces.",
91,InYourLeague Secret Santa Team Generator,https://tools.inyourleague.net/en/random-secret-santa-team-generator-group-size-exclusion-en/,3.0,3.2,2.8,3.0,1.8,2.2,5.0,3.2,Secret Santa-style teams with min/max sizes and exclusion pairs,"Free, ad-supported web tool. No account is needed for the generator.",constraints
92,JarvisBox Team Picker,https://tools.jarvisbox.app/pick/team-picker/,3.0,4.0,3.3,2.2,3.0,4.8,5.0,2.2,Privacy-friendly one-page team splitting with copy/download,Free. No account is required.,privacy-friendly
93,Lekktura Random Name Picker & Group Maker,https://lekktura.com/tools/random-name-picker,3.0,3.8,3.4,2.6,3.4,1.9,5.0,2.2,Classroom name picking plus basic random groups,"Free tool. No account is required for the picker/group maker, though the surrounding Lekktura product has login, school, pricing, and Stripe/payment surfaces.",strong-exports
94,LetsRandomize Random Team Generator,https://letsrandomize.org/tools/random-team-generator/,3.0,4.6,3.6,2.2,3.1,2.3,5.0,2.1,"Fast browser-side team splits with copy/share, recent history, and random-captain mode",Free web tool. No account required.,
95,MyAIUtility Team Generator,https://myaiutility.com/tools/team-generator/,3.0,4.0,3.4,2.2,2.3,2.6,5.0,2.5,"Simple team generator with import box, shuffle, copy, and manual move controls",Free web tool. No account required.,
96,Pandos Team Generator,https://pandos.io/team-generator,3.0,2.3,3.2,3.1,2.0,1.7,3.0,2.8,Guided team formation workflow when email/server processing is acceptable,Free tool flow allows up to 20 members without signup. More members require signup/contact. CSV/link delivery asks for an email address; the broader Pandos product has paid/business surfaces.,constraints
97,PartyPlay Team Generator,https://partyplay.games/en/team-generator/,3.0,3.4,3.7,2.8,2.7,2.0,5.0,2.2,"Casual party/classroom teams with paste, saved lists, captain mode, copy, and share",Free. No account is required.,
98,Penguin Tools Team Generator,https://penguintools.net/en/team-generator,3.0,4.3,3.2,1.8,2.0,3.2,5.0,2.4,Simple random teams with team-count or members-per-team mode,Free web tool. No account is needed for the team generator.,
99,PickRandom.online Random Team Generator,https://www.pickrandom.online/random-team,3.0,3.6,3.2,2.1,0.8,4.3,5.0,2.7,Private cryptographic browser-side random teams with no account,Free web tool. No signup required.,privacy-friendly
100,Quick Pick Team Generator,https://quickpick.tools/teams,3.0,3.8,3.6,2.5,2.0,3.0,5.0,2.7,Simple random teams with optional skill balancing and share/fullscreen controls,Free web tool. No account is required.,constraints
101,Randly Group Generator,https://randly.app/tools/group-generator,3.0,3.8,3.6,2.7,2.4,4.0,5.0,2.3,Clean no-account random groups with multiple generated draws,Free. No account is required.,privacy-friendly
102,Ruletaa Random Team Generator,https://ruletaa.net/en/team-generator,3.0,3.3,3.3,2.7,3.0,3.0,5.0,2.4,Browser-local random groups with dedupe and CSV/image download,Free web tool; no login required.,strong-exports
103,SpinnChoose Random Team Generator,https://spinnchoose.com/random-team-generator/,3.0,3.4,3.2,2.8,2.5,1.6,5.0,2.2,"Casual sports, gaming, and classroom team splits with list/bracket views",Free. No account is required.,
104,SpinOfLuck Team Picker Wheel,https://www.spinofluck.com/team-picker,3.0,3.0,3.5,3.0,1.5,3.6,5.0,2.6,"Ad-free wheel-based team picking with pick counts, weights, saved rosters, and fullscreen","Free, ad-free web tool. No signup required.",
105,Utility Tools Random Team Generator,https://tools.futureapp.work/en/team-generator,3.0,4.1,3.4,1.8,1.8,3.2,5.0,2.1,Basic browser-side random team splitting with quick team-count controls,Free ad-supported web tool. No account is required.,basic-randomizer
106,UtilityNestAI Team Generator,https://www.utilitynestai.com/team-generator,3.0,3.0,3.2,3.0,3.0,2.2,4.8,2.7,"Small team splits with individual entry, skill-balance option, custom names, share, and export",Free. No account is required for the generator.,"constraints,ai-assisted"
107,WheelPlay Team Picker Wheel,https://wheelplay.net/team-picker-wheel/,3.0,2.1,3.0,3.7,3.2,1.4,5.0,2.6,"Visual team picking with CSV export, representatives, and label/gender distribution options",Free. No account is required.,"constraints,strong-exports"
108,AllTools.dev Random Team Generator,https://alltools.dev/tools/random/random-team-generator/,2.9,3.6,3.4,1.9,2.2,3.0,4.5,2.7,Crypto-random browser-side teams with print and share URL,Free web tool. No account required for browser-side use; signed-in users can opt in to saved calculations.,
109,Classroom.Group Online Group Generator,https://classroom.group/online-group-generator,2.9,3.6,3.7,2.2,1.4,3.6,4.4,2.2,Teachers who want a simple local web splitter and may later upgrade to the iOS Groups app,"Online generator is free. The iOS app is free with in-app purchases: Pro Monthly $2.99, Pro Yearly $14.99, or Pro $39.99.",
110,DecideHub Team Generator,https://decidehub.app/team-generator/,2.9,3.9,3.4,2.3,2.4,4.2,5.0,2.1,Sports-style two-to-six-team splits with copy and local saved rosters,Free. No account is required.,privacy-friendly
111,DecisionFlip Team Picker,https://decisionflip.com/team-picker,2.9,4.0,3.1,2.2,2.0,1.2,5.0,2.5,Basic random teams with balanced/random/snake distribution modes,"Free, ad-supported web tool. No account is needed for the team picker.",
112,FindUtils Random Picker / Team Mode,https://findutils.com/generate/random-picker/,2.9,3.4,3.2,2.2,2.4,3.0,5.0,2.2,Privacy-leaning browser-side team splits inside a multipurpose random picker,Free. No account is required.,
113,FunRandomPickers Random Team Generator,https://funrandompickers.com/teams/play,2.9,4.0,3.2,2.4,2.8,0.8,5.0,2.4,Simple visual team cards with copy/share and fullscreen,Free ad-supported web tool. No account required in the observed team workflow.,
114,LDDGO Random Group Generator,https://www.lddgo.net/en/common/random-group,2.9,3.3,2.4,2.5,4.0,1.8,5.0,2.2,Random group generator with TXT/XLSX import and TXT/XLSX downloads,Free ad-supported web tool. No account required.,strong-exports
115,Microsoft Excel,https://www.microsoft.com/microsoft-365/excel,2.9,2.0,3.7,2.8,4.8,3.8,2.2,2.6,Spreadsheet users who want local files or organization-controlled rosters,"Included in Microsoft 365 plans or standalone Office licenses; Excel for the web is available with a Microsoft account, and organization/education pricing varies.","constraints,strong-exports"
116,QuickWheelSpin Team Picker,https://quickwheelspin.com/team-picker,2.9,3.7,3.8,2.3,2.6,2.8,5.0,2.1,Visual basic team picking with copy/share-image outputs,Free web tool. No account is required.,
117,RandomGroup.online,https://randomgroup.online/,2.9,4.0,2.8,2.2,3.5,3.0,5.0,2.1,"Multilingual basic random groups with copy, TXT, and Excel export",Free. No account is required.,
118,RandomGroup.org Random Group Generator,https://randomgroup.org/,2.9,4.5,3.5,2.4,3.5,3.0,5.0,2.1,No-account random groups with TXT/CSV export,Free. No account is required.,strong-exports
119,RapidWebApp Random Team Generator,https://www.rapidwebapp.com/random-team-generator,2.9,3.7,2.7,2.5,3.0,0.8,5.0,2.2,"Iframe-based random teams with custom names, leaders, copy, and image export",Free. No account is required.,
120,Spinwheely Random Team Generator,https://spinwheely.com/random-team-generator,2.9,3.2,3.7,2.3,4.0,2.0,4.8,2.1,"Visual browser-side random teams with PDF, CSV, and text export",Free ad-supported web tool. No account is required for the generator; account buttons exist for broader Spinwheely features.,strong-exports
121,TeamShufflr,https://teamshufflr.com/de/,2.9,2.8,4.0,2.7,3.4,2.6,4.8,2.2,In-person workshops that want printable team cards rather than a normal result table,Basic version is free. The site mentions custom branded cards by contacting them.,
122,TrumpExcel Random Team Generator,https://trumpexcel.com/tools/random-team-generator/,2.9,4.5,3.7,2.0,4.0,1.5,5.0,2.0,Simple local random groups with spreadsheet-friendly output,Free web tool. No account required.,strong-exports
123,Wanglitou List Randomizer with Teams,https://www.wanglitou.com/list-randomizer/,2.9,3.0,2.7,2.7,3.2,3.2,5.0,2.1,Seedable list randomization and simple team output with copy/TXT download,Free. No account is required.,
124,Wheelpick Team Generator,https://wheelpick.app/team-generator,2.9,4.0,4.2,2.2,0.8,3.5,5.0,2.1,Polished no-account browser-side random teams from a saved roster,Free web tool. No account is required.,
125,Zoom breakout room assignment,https://support.zoom.com/hc/en/article?id=zm_kb&sysparm_article=KB0062540,2.9,3.0,3.6,3.0,2.8,3.2,2.0,2.3,Assigning live meeting participants directly into Zoom rooms,"Breakout rooms are available in Zoom meetings, including free/basic contexts, but meeting duration, participant capacity, admin controls, and large-meeting needs depend on Zoom plan and account settings.",constraints
126,AIOneTools Random Team Generator,https://aionetools.com/tools/picker/team-generator-wheel,2.8,3.7,3.0,2.0,1.6,2.5,5.0,2.2,Simple browser-side random groups with shuffle and clean team cards,Free web tool; no signup required for tested generation.,ai-assisted
127,Cojoro Team Generator,https://cojoro.dedyn.io/RandTeamGen/index.html,2.8,2.6,2.7,3.4,3.8,1.8,5.0,2.4,"Standalone team generation with custom team names, leader selection, and multiple export formats if certificate warnings are acceptable",Free. No account is required.,strong-exports
128,DiceGameHub List Randomizer & Team Generator,https://dicegamehub.com/tools/list-randomizer,2.8,3.6,3.2,2.2,2.8,2.8,5.0,2.1,Simple team generation with copy-all and image download,Free. No account is required.,
129,Games by Marco Team Generator,https://teams.gamesbymarco.com/,2.8,4.7,3.8,1.8,1.0,4.7,5.0,2.1,Minimal private-ish random teams with team-count or team-size mode,Free web tool. No account is required.,"privacy-friendly,basic-randomizer"
130,Generate-Random.org Random Team Generator,https://generate-random.org/teams,2.8,4.1,3.2,2.5,4.0,0.8,5.0,2.1,Simple random teams with strong text/CSV/JSON exports if hosted processing is acceptable,Free web tool. No signup is required.,strong-exports
131,Google Sheets,https://sheets.google.com/,2.8,2.0,3.7,2.8,4.7,3.4,2.0,2.6,Spreadsheet users willing to build their own random grouping template,Free with a Google account for consumer use; Google Workspace and Workspace for Education plans vary by organization.,"constraints,strong-exports"
132,GoOnlineTools Random Group Generator,https://goonlinetools.com/random-group-generator/,2.8,4.3,3.8,2.5,2.8,1.3,4.8,2.2,"Simple random groups with a modern UI, regenerate, statistics, and possible copy/download/share icons",Free web tool. No account required for generation; sign-in exists for the broader GoOnlineTools site.,constraints
133,Gynzy Group Maker,https://www.gynzy.com/en/library/items/group-maker,2.8,3.6,4.3,2.0,2.3,1.8,5.0,2.1,Interactive whiteboard random groups inside Gynzy,"The Group Maker opens with “No account needed” from the Gynzy library page. Gynzy itself is a broader paid/education whiteboard platform, but this specific tool can be opened without signing in.",
134,InkPx Random Group Generator,https://inkpx.com/random-group-generator,2.8,4.0,3.1,2.1,1.6,1.4,5.0,2.1,Simple group-count splits with remembered local input history,"Free, ad-supported web tool. No account is required.",
135,Kordu Team Randomizer,https://kordu.tools/tools/gaming/team-randomizer/,2.8,4.4,4.0,1.9,2.0,2.0,5.0,2.1,Clean browser-side random teams with re-roll and copy,Free. No account is required.,
136,Paji Lots Team Grouping,https://toolset.marco79423.net/en/random-group-generator,2.8,3.4,3.3,1.8,1.6,2.8,5.0,2.5,Browser-side random team grouping with CSPRNG,Free web tool. No account is needed.,
137,Pradoy Random Team Generator,https://www.pradoy.com/random-team-generator,2.8,3.6,3.3,2.1,1.7,2.4,5.0,2.3,Random teams with max-size mode and themed team names,Free web tool. No account is needed for the random team generator.,
138,Random Group Generator Chrome Extension,https://chromewebstore.google.com/detail/random-group-generator/ahdimffafoiopfpheklpnkmepibagijl,2.8,2.5,2.5,2.2,3.4,3.5,2.8,2.2,Chrome extension for Excel/CSV random groups,Free Chrome extension. Requires Chrome/Chromium extension installation.,strong-exports
139,Random Team Generator Android App,https://play.google.com/store/apps/details?id=com.argonremote.randomteamgenerator&hl=en,2.8,3.0,2.8,3.0,2.0,0.8,3.0,2.6,Android team generator with group management and manual assignment,Android app on Google Play. Pricing was not evaluated from the fetched listing.,
140,RandomLists.top Team Generator,https://randomlists.top/team-generator/,2.8,3.6,2.6,2.5,2.7,2.4,5.0,2.1,"Simple large-list random teams with rename, upload, copy, and save",Free. No account is required.,
141,RandomlyFun Random Team Generator,https://randomlyfun.app/tools/random-team-generator,2.8,4.0,3.4,2.2,2.2,1.7,5.0,2.1,Casual 2–6 team splits with reroll/copy/share,"Free, ad-supported web tool. No account is required.",
142,SpinPickOnline Team Picker,https://www.spinpickonline.com/team-picker,2.8,3.5,3.3,2.3,2.2,1.0,5.0,2.4,"Wheel-styled team generation with bulk add, regenerate, and share results",Free ad-supported web tool. No signup required for basic generation.,
143,The Decider Team Generator,https://www.the-decider.com/team-generator,2.8,3.8,3.3,2.3,2.3,1.8,5.0,2.2,"Quick random teams with by-count/by-size mode, reshuffle, and copy",Free. No account is required.,
144,Thunderbit Random Team Generator,https://thunderbit.com/tool/random-team-generator,2.8,3.4,3.2,2.2,3.5,0.8,3.8,2.1,Quick random teams with CSV download if hosted processing and marketing funnel are acceptable,Free public tool; broader Thunderbit product has sign-in and paid-product context.,strong-exports
145,UD5 Random Team Generator,https://www.ud5.com/tool/random-team-generator,2.8,4.2,3.4,2.3,2.7,2.9,5.0,2.1,"Simple local team splits with cleanup, custom prefix, history, and export menu",Free. No account is required.,
146,Vertex42 Random Group Generator Template,https://www.vertex42.com/ExcelTemplates/random-group-generator.html,2.8,2.8,3.0,2.4,4.0,3.0,4.7,2.2,Spreadsheet users who want a downloadable Excel/Google Sheets random grouping template,Free template for private use. Downloadable Excel file and Google Sheets option; no account required for the template page.,strong-exports
147,YesNoWheel Picker Random Team Generator,https://www.yesornowheelpicker.com/random-team-generator,2.8,4.0,3.3,2.0,0.8,3.0,5.0,2.0,Basic browser-side random teams with bulk add and file import,Free web tool. No account is required.,
148,ClassDojo Group Maker,https://www.classdojo.com/toolkit/groupmaker/,2.7,3.1,4.1,2.6,1.5,3.7,1.5,2.4,Teachers already using ClassDojo who want quick classroom groups,"ClassDojo Toolkit is advertised as free and included in the ClassDojo app. ClassDojo also has optional paid/premium family features, but the Group Maker workflow itself is positioned as free.",constraints
149,CodeBeautify Random Team Generator,https://codebeautify.org/random-team-generator,2.7,3.2,2.5,2.2,2.6,1.8,4.5,2.1,Ad-supported quick random teams with per-team copy/download controls,Free web tool. Login/favorites are optional; ads and consent management are present.,
150,Fun Group Names Random Team Generator,https://fungroupnames.com/random-team-generator/,2.7,4.0,2.3,2.4,3.2,1.0,5.0,2.0,A content-site group randomizer if the embedded script works in your browser,Free web tool. No account required.,
151,Group Assigner,https://group-assigner.com/,2.7,4.4,3.7,2.3,1.5,2.0,5.0,2.2,Quick classroom or workshop groups with random team names and focus mode,Free web tool. No account required.,
152,Nancy's Hearth Random Team Generator,https://teams.nancyshearth.com/,2.7,4.5,2.8,1.7,2.2,4.5,5.0,2.0,Very simple random teams for virtual game nights,Free web tool. No account is required.,"privacy-friendly,basic-randomizer"
153,Online Stopwatch Random Group Generator,https://www.online-stopwatch.com/random-group-generators/,2.7,3.8,2.8,2.3,3.6,1.7,4.8,2.0,Classroom presentation-style random groups with animated reveals,"Free with ads. Premium removes ads and adds account features such as saved lists/My Page; the premium page advertises one-off access options and group accounts, with cookies required for premium login.",strong-exports
154,RandomTools.app Random Team Generator,https://randomtools.app/random-team-generator/,2.7,4.0,3.3,2.2,2.3,2.9,5.0,2.1,Simple random teams with copy output and recent-draw history,Free. No account is required.,
155,Spin Numbers Make Random Teams,https://www.spinumbers.com/make-random-teams/,2.7,4.4,3.5,1.8,2.0,2.0,5.0,2.1,Quick local random team splits with copy-only output,Free web tool. No account is required.,basic-randomizer
156,Super Teacher Tools Classroom Seating / Groups,https://www.superteachertools.us/instantclassroom/group-maker.php,2.7,2.4,1.8,2.6,2.0,1.1,1.4,2.2,Teachers who want saved class rosters plus simple random classroom groups,"Free. The product page says “100% Free forever,” but actual custom class use requires creating a Super Teacher Tools / Instant Classroom group account.",
157,Teacher Commons Group Maker,https://teachercommons.com/classroom-management-and-productivity-tools/group-maker,2.7,4.1,3.0,1.8,1.2,3.7,5.0,2.1,Minimal classroom group maker from a teacher-tool site,Free. No account is required.,basic-randomizer
158,UD5 Team Randomizer,https://www.ud5.com/tool/team-randomizer,2.7,3.7,2.8,1.8,1.8,2.8,5.0,2.4,Simple team randomizer with count/size modes and copy results,Free web tool. No login required.,
159,UtilityKit Random Team Generator,https://utilitykit.tools/random-team-generator,2.7,3.8,3.0,1.8,0.8,4.2,5.0,2.1,Simple browser-side random squads on a low-friction page,Free. No account is required.,"privacy-friendly,basic-randomizer"
160,Vibox Random Team Generator,https://vibox.app/tools/fun/team.html,2.7,4.0,2.8,1.8,0.4,2.6,5.0,2.0,Tiny no-account random team splitting with team-count or people-per-team mode,Free web tool. No account is required.,basic-randomizer
161,VisualTimer Random Group Generator,https://visualtimer.com/tools/random-group-generator/,2.7,4.4,3.7,2.2,1.2,4.0,5.0,2.0,Simple classroom random groups with reveal mode,Free. No account is required.,privacy-friendly
162,Webby Student Group Generator,https://webby.tools/student-group-generator/,2.7,4.4,3.2,2.2,2.8,1.3,5.0,2.1,Quick classroom random groups with printable PDF output,Free. No account is required. The site discloses affiliate links and loads advertising/affiliate scripts.,
163,WordMint Random Group Generator,https://wordmint.com/random-group-generator,2.7,4.4,3.2,2.0,2.2,1.8,5.0,2.0,Simple classroom groups with a copy-to-clipboard button,Free web tool. No account required for the group generator; the broader WordMint product has accounts and paid plans.,
164,Euan Riggans Team Builder,https://teambuilder.euanriggans.com/,2.6,4.0,2.6,1.6,0.4,4.0,5.0,2.0,Tiny local random team splitting with save/load for the roster,Free web tool. No account is required.,"privacy-friendly,basic-randomizer"
165,Fotify Speed Dating Event Planner,https://fotify.app/tools/speed-dating-event-planner/,2.6,4.3,4.0,2.2,2.0,3.0,5.0,1.9,Quick speed-dating event timing plans,The planner page is free and requires no account. Fotify advertises Match & Connect at $19.99 per event for the matchmaking app layer.,multi-round
166,Games4esl Random Group Generator,https://games4esl.com/teacher-tools/random-group-generator/,2.6,4.0,3.1,1.7,3.4,1.0,5.0,2.0,Teachers who want quick random classroom groups and a printable PDF,Free web tool. No account required.,basic-randomizer
167,RakkoTools Random Group Generator,https://en.rakko.tools/tools/59/,2.6,4.3,2.2,2.4,4.0,1.0,5.0,2.1,Basic random groups with CSV export,"Free, ad-supported web tool. No account or payment is needed for the basic generator; pricing is not the issue, the weak privacy/ad-tech environment is.",strong-exports
168,RandomHub Random Group Generator,https://randomhub.io/random-group-generator,2.6,4.4,3.8,1.9,2.0,3.6,5.0,2.0,Minimal no-account random group splits with copy output,Free. No account is required.,
169,RandomTools.io Team Generator,https://randomtools.io/teams-generator,2.6,3.0,2.0,1.9,3.2,1.2,5.0,2.1,"Ad-supported random team splitter with copy, print, and Excel export claims",Free ad-supported web tool. No account required.,
170,SpinTheWheel.io Team Draw Generator,https://spinthewheel.io/de/team-draw-generator,2.6,3.1,3.6,2.2,1.8,1.3,5.0,1.7,"Randomly pairing teams from two pots, not forming teams from people",Free ad-supported web tool. No account was required to spin and record a matchup; saving custom wheels may require account/login behavior on the wider site.,
171,Teacher Toolset Random Group Maker,https://www.teacher-toolset.online/en/onlinetools/group-maker,2.6,3.4,3.1,2.1,2.2,0.7,5.0,2.1,Classroom random groups when teachers can add/import a roster and export text,Free. No account is required.,
172,TeachQuill Classroom Group Generator,https://teachquill.com/classroom-group-generator,2.6,3.0,4.1,2.8,1.8,2.3,1.4,2.7,AI-assisted classroom grouping drafts from natural-language constraints,Account required to generate in the tested workflow. Pricing is part of TeachQuill’s broader AI educator platform; the page pushes “Get started free” and login rather than a no-account group-generator workflow.,"constraints,ai-assisted"
173,Toolita Team Picker,https://toolita.com/decision/team-picker/,2.6,3.8,3.0,2.0,1.0,1.2,5.0,2.1,Casual random teams or fixed-size groups when ad/cookie load is acceptable,Free. No account is required.,
174,Versakit Group Generator,https://versakit.net/generators/group,2.6,4.7,3.8,1.8,2.5,4.0,5.0,2.0,Clean no-account random groups with copy/text download,Free. No account or payment required.,"privacy-friendly,basic-randomizer"
175,Wheel of Decision Team Generator,https://wheelofdecision.com/tool/team-generator/,2.6,3.5,3.0,2.2,1.4,1.0,5.0,2.1,Simple team generation with history/statistics and local participant state,Free. No account is required.,
176,AgentCalc Random Team Generator,https://agentcalc.com/random-team-generator,2.5,3.6,2.7,1.7,1.0,2.4,5.0,2.2,Educational simple random teams with clear algorithm explanation,Free. No account is required.,
177,Comment Picker Random Team Generator,https://commentpicker.com/team-generator.php,2.5,5.0,2.6,2.0,4.0,1.0,4.5,2.0,Basic random teams with stronger copy/print/Excel output,"Free, ad-supported web tool. Comment Picker Premium starts at $9.99 and is positioned as ad-free with higher limits/features, but the random team generator FAQ says team generation is free without limits.",strong-exports
178,IOTools Random Team Generator,https://iotools.cloud/tool/random-generator/random-team-generator/,2.5,3.8,2.8,1.9,2.6,1.0,4.8,2.0,"Basic random teams with duplicate removal, file import, copy buttons, and a client-side workflow",Free web tool. No account required for generation; sign-in exists for site features.,
179,PiliApp Random Team Generator,https://pili.app/random/team/,2.5,2.8,2.3,2.1,2.0,1.3,5.0,2.0,Localized simple team splitting with copy and saved session data,Free. No account is required.,
180,Random Choice Generator Random Team Generator,https://randomchoicegenerator.com/random-team-generator/,2.5,3.7,2.7,1.6,1.2,0.8,5.0,2.0,Very simple browser team splitting with shareable name-list URLs,Free ad-supported web tool. No account is required.,basic-randomizer
181,Random Team Generator GitHub App,https://randomteamgenerator.github.io/input.html,2.5,4.6,3.1,1.2,1.0,4.5,5.0,2.0,"Open-source, no-account random teams when privacy and simplicity matter more than features",Free open-source web app. No account required.,"privacy-friendly,basic-randomizer"
182,RandomGenerator.com.au Random Group Generator,https://www.randomgenerator.com.au/random-group-generator,2.5,3.5,3.1,1.8,1.8,1.3,5.0,2.1,Basic target-group-size grouping with copy-all output,Free. No account is required.,basic-randomizer
183,RandomGroupGenerator.co,https://randomgroupgenerator.co/,2.5,4.6,3.8,1.5,1.0,4.8,5.0,2.0,"A clean, private, one-screen random split when exports do not matter",Free web tool. No account required.,"privacy-friendly,basic-randomizer"
184,RandoTools Random Team Generator,https://randotools.app/random-team-generator/,2.5,4.2,3.0,1.7,1.8,2.4,5.0,2.0,Quick private-ish two-mode team splitting with per-team copy,Free. No account is required.,basic-randomizer
185,SpinTheNamePicker Team Generator,https://spinthenamepicker.com/pages/team-generator.html,2.5,3.7,2.8,1.9,0.8,2.3,5.0,2.1,Quick sports/classroom team splits with equal-size or random-size mode,Free. No account is required.,
186,The Word Finder Random Group Generator,https://www.thewordfinder.com/random-group-generator/,2.5,4.0,3.0,2.0,1.2,1.5,5.0,2.0,Basic random groups with duplicate removal and custom group title fields,Free web tool. No account requirement visible for the generator.,
187,A School Random Pair Generator,https://www.aschool.us/random/random-pair.php,2.4,4.2,1.7,2.2,1.4,1.0,5.0,2.1,Very basic classroom random groups with max-size or group-count modes,"Free, with ads and donation links. No account is required.",
188,AddressGenerator Random Team Generator,https://addressgenerator.app/random-team-generator,2.4,3.7,2.7,1.6,1.8,1.1,5.0,2.1,Basic ad-supported random team generator,"Free, ad-supported web tool. No account is needed.",basic-randomizer
189,ClassTools24 Random Group Generator,https://classtools24.com/random-group-generator/,2.4,4.4,2.8,1.3,2.0,2.3,5.0,2.0,Simple random groups with fullscreen display and basic click-to-copy behavior,Free web tool. No account required.,basic-randomizer
190,GIGAcalculator Random Team Generator,https://www.gigacalculator.com/randomizers/random-team-generator.php,2.4,4.2,2.6,1.5,2.0,1.1,5.0,2.0,Quick random sports/team splits when per-team copy is enough,Free web tool. No account required.,basic-randomizer
191,Picker Online Wheel Team Picker,https://pickeronlinewheel.com/random-team-generator/,2.4,2.6,2.6,1.8,0.7,1.8,5.0,1.9,Simple multi-step random team wheel with custom team-name positioning,Free web tool; no signup observed.,basic-randomizer
192,Saroj Meher Random Group Generator,https://www.sarojmeher.com/tools/random-group-generator/,2.4,2.8,2.2,2.4,2.8,0.8,5.0,2.0,Decorated random group output with color and image download options,"Free, ad-supported web tool. No account is required.",
193,TA Easy Random Group,https://www.ta-easy.com/random-group/en,2.4,4.0,2.3,1.4,0.8,2.5,5.0,2.0,Very simple no-account random groups when export and rules do not matter,Free. No account is required.,basic-randomizer
194,ToolPrime Random Team Generator,https://toolprime.com/random-team-generator,2.4,3.8,2.7,1.4,2.1,2.0,5.0,2.0,Basic random teams with TXT download,"Free web tool. No account is needed for the random team generator, though the site has login/newsletter surfaces elsewhere.",basic-randomizer
195,University of Edinburgh Group Allocator,https://static.sps.ed.ac.uk/groupallocator/,2.4,4.5,2.1,1.7,3.2,5.0,5.0,2.0,Bare-bones random groups with CSV download,"Free static web tool. No account, payment, or sign-up.","privacy-friendly,strong-exports,basic-randomizer"
196,Wheelzify Random Team Generator Wheel,https://www.wheelzify.com/random-team-generator/,2.4,2.4,3.8,2.3,1.2,1.8,3.0,1.9,Presentation-style wheel-based team picking rather than one-click team splitting,Free to start. Sign-in is promoted for saved rosters/wheel sets and other site features.,
197,CommonTools Random Team Generator,https://www.commontools.org/tool/random-team-generator-124,2.3,3.8,2.3,1.4,2.1,0.9,5.0,2.0,Basic random groups with TXT download,"Free, ad-supported web tool. No account is needed for the random team generator.",basic-randomizer
198,Effie Random Group Generator,https://www.effie.pro/free-tools/random-group-generator,2.3,4.6,3.8,1.2,1.0,2.8,5.0,2.0,A quick no-account two-or-more group split on Effie’s site,Free web tool. No account required for the generator; the surrounding Effie app has its own product/download flow.,basic-randomizer
199,Flippity Random Name Picker,https://www.flippity.net/v2/RandomNamePicker.htm,2.3,3.5,2.5,1.8,2.5,3.2,3.5,2.2,Spreadsheet-backed classroom grouping and quick random teams,"Free, ad-supported Flippity tool. Quick-entry use is free without a Flippity account; the spreadsheet-template workflow requires a Google account and Google Sheets setup.",
200,GeneratorMix Random Team Generator,https://www.generatormix.com/random-team-generator,2.3,4.4,2.5,1.3,1.0,1.4,5.0,2.0,Very basic random team splitter on a generator directory site,Free ad-supported web tool. No account required.,basic-randomizer
201,Icebreaker Games Random Group Generator,https://icebreaker-games.org/random-group-generator,2.3,4.1,3.1,1.9,1.7,0.7,5.0,2.0,Fast icebreaker groups when copy-only output is enough,Free. No account is required. The site shows an advertising consent flow.,
202,OpenEduCat AI Group Generator,https://openeducat.org/ai/tools/group-generator/,2.3,1.3,3.8,3.0,2.8,2.2,1.0,3.0,"Institutions already evaluating OpenEduCat, not quick public grouping","Requires OpenEduCat access/trial. The site advertises a 15-day free trial and modular pricing from $69/year for modules, with cloud or on-premise deployment depending on the plan.","constraints,ai-assisted"
203,RandThings Random Team Generator,https://randthings.com/team-generator/,2.3,4.2,3.0,1.3,0.6,1.3,5.0,2.1,No-frills random teams from pasted names,"Free, ad-supported web tool. No account is needed for the team generator.",basic-randomizer
204,SoulATools Random Picker / Team Picker,https://soulatools.com/random-picker/,2.3,2.8,2.4,1.9,0.6,1.5,5.0,2.0,Casual team splitting inside a broader random-picker tool,Free. No account is required.,
205,SpinWheelNames Random Team Generator,https://spinwheelnames.com/random-team-generator,2.3,2.8,3.1,1.8,1.5,2.6,4.5,1.8,Wheel-based visual team assignment,Free web tool. No account is required for basic wheel/team use; saving/sharing wheel configurations is supported.,basic-randomizer
206,Warren Institute Random Groups Generator,https://warreninstitute.org/tools/random-groups-generator.html,2.3,3.6,2.2,1.5,1.1,1.8,5.0,2.0,Bare-bones classroom/team random grouping,"Free, ad-supported web tool. No account is required.",basic-randomizer
207,Alien Fusion Generator Random Group Generator,https://alienfusiongenerator.com/random-group-generator/,2.2,3.8,2.2,1.4,2.4,0.7,5.0,2.0,Basic random groups with copy/download on an ad-heavy page,"Free, ad-supported web tool. No account is needed for the random group generator.",basic-randomizer
208,Applorium Random Group Generator,https://applorium.com/blog/random-group-generator/,2.2,4.8,2.7,1.0,1.0,3.8,5.0,2.0,"One-off random teams on a quiet, low-friction blog page",Free web tool. No account required.,basic-randomizer
209,FlexOS Random Group Generator,https://www.flexos.work/tools/random-group-generator-easy-fast-team-sorting,2.2,3.8,3.0,1.7,1.0,1.5,5.0,2.0,Tiny comma-separated team splits on a future-of-work blog page,Free web tool. No account required.,basic-randomizer
210,GroupGenerator.top,https://www.groupgenerator.top/,2.2,4.7,3.2,1.5,1.5,1.2,5.0,2.0,Trying a simple random split with experimental AI-style instructions,Free web tool. No account requirement was visible.,"basic-randomizer,ai-assisted"
211,Homeschool of 1 Random Team Generator,https://www.homeschoolof1.com/random-team-generator/,2.2,2.4,1.8,2.0,2.0,0.8,5.0,2.0,Embedded classroom/homeschool team splitter inside an ad-heavy article,"Free, ad-supported web tool. No account is required.",
212,MiniWebTool Random Group Generator,https://miniwebtool.com/random-group-generator/,2.2,5.0,2.7,2.0,2.0,2.0,4.0,2.0,Fast basic web groups with arbitrary group size or team count,"Free, ad-supported web tool with an anti-adblock/premium upsell popup. Premium is positioned as ad-free and faster; the related developer API starts free with credits and paid tiers.",
213,Online Stopwatch Random Magic Hat Group Generator,https://www.online-stopwatch.com/random-group-generators/random-magic-hat-group-generator/,2.2,3.2,2.4,1.6,1.3,1.0,4.0,2.0,Classroom display novelty when animated sorting matters more than features,Free with ads. Premium/ad-free and saved-name convenience are promoted by the site.,basic-randomizer
214,PickJa Random Group Generator,https://pickja.com/tools/random-group-generator,2.2,4.4,3.4,2.0,1.0,1.0,5.0,2.0,Quick no-account random groups with group-count or members-per-group mode,Free web tool. No account required for the generator; sign-in exists for the broader PickJa site.,
215,QuizBreaker Team Generator,https://www.quizbreaker.com/team-generator,2.2,2.4,3.5,1.4,2.0,2.2,4.6,1.8,Not recommended; basic space-separated random teams on a QuizBreaker marketing page,Free public tool. No account is required for the generator; the surrounding QuizBreaker product promotes signup and paid/product workflows.,basic-randomizer
216,Random Group Generator Chrome Extension,https://chromewebstore.google.com/detail/random-group-generator/njpbladpjfebkonnclifnjapepbigmbg?hl=en,2.2,3.8,3.0,1.6,1.4,4.2,3.2,2.0,Chrome users who want a tiny local random-group popup,"Free Chrome extension. No account advertised, but it requires installing a browser extension.","privacy-friendly,basic-randomizer"
217,Random Group Generator Firefox Add-on,https://addons.mozilla.org/en-US/firefox/addon/random-group-generator/,2.2,2.6,2.0,1.4,0.8,3.0,2.8,2.0,Firefox add-on for simple locally saved random groups,Free Firefox add-on. Requires Firefox add-on installation.,basic-randomizer
218,RandomGenerate.io Random Team Generator,https://randomgenerate.io/random-team-generator,2.2,3.5,2.4,1.4,1.4,1.0,5.0,2.0,Basic random teams on a general random-generator site,Free web tool. No account required.,basic-randomizer
219,RandomLists Random Team Generator,https://www.randomlists.com/team-generator,2.2,4.6,3.2,1.8,2.1,1.0,5.0,2.0,Simple random teams from a pasted list,"Free, ad-supported web tool. No paid group-generation tier is needed, but the cost is heavy ad/consent friction and a very basic feature set.",basic-randomizer
220,RandomReady Random Group Generator,https://www.randomready.com/random-group-generator/,2.2,3.5,2.0,1.4,1.0,3.0,5.0,2.0,Very simple random group splits,Free. No account is required.,basic-randomizer
221,Spin the Crocodile Team Picker,https://spinthecrocodile.com/team-picker,2.2,3.8,3.4,1.5,1.0,1.6,5.0,1.8,"Visual team-member picker for captains, roles, and small classroom/team selections",Free ad-supported web tool. No account required.,basic-randomizer
222,UltimateSolver Random Groups,https://www.ultimatesolver.com/en/random-groups,2.2,4.0,2.8,1.8,2.2,3.0,5.0,2.0,Privacy-conscious basic random groups with cryptographic server randomness,Free web tool. No account or payment required.,basic-randomizer
223,HeySpinner,https://heyspinner.com/,2.1,2.7,3.8,1.8,1.0,1.2,3.5,1.2,"Public wheel spins when you want a visual random picker, not automatic team splitting",Free wheel tool. Account is required for saved wheels and share links; local unsaved use works without login.,basic-randomizer
224,iLeren Groepenmaker,https://ileren.be/apps/groepenmaker/index.html,2.1,4.1,1.7,1.8,1.0,4.7,5.0,2.0,Dutch-speaking teachers who need a tiny no-account classroom splitter,Free. No account required.,"privacy-friendly,basic-randomizer"
225,ImageCompresser Random Team Generator,https://imagecompresser.com/random-team-generator,2.1,2.8,2.0,1.2,0.4,1.1,4.8,1.8,Basic random teams on an ad-supported utility site,Free ad-supported web tool.,basic-randomizer
226,Mega Seating Plan Free Random Group Maker,https://www.seatingplan.com/tools/groupmaker,2.1,4.7,2.8,1.8,1.0,1.8,4.8,2.0,Teachers who already use Seating Plan class lists,"Free basic random group maker. The broader Mega Seating Plan product has paid plan context, but this specific simple group-maker page is free and does not expose paid grouping controls.",basic-randomizer
227,Microapp Team Generator,https://microapp.io/team-generator/,2.1,3.2,2.7,1.2,0.8,0.8,4.6,2.0,A minimal team split if you tolerate the consent wall,"Free. The generator itself did not require an account, though the site has sign-in and membership surfaces.",basic-randomizer
228,My2lbox Random Group Generator,https://my2lbox.com/en/random-group-generator,2.1,2.6,2.0,2.2,1.1,1.4,5.0,2.5,Tiny random or level-weighted groups when privacy/ad-tech tradeoffs are acceptable,Free. No account required.,constraints
229,Random Teams Generator Android App,https://play.google.com/store/apps/details?id=com.dev.simonedipaolo.randomteamsgenerator&hl=en_US,2.1,3.0,2.2,1.5,0.8,2.0,3.0,2.0,Simple Android random teams with generated names and flags,Android app on Google Play. Pricing was not evaluated from the fetched listing.,basic-randomizer
230,RandomTeams.net,https://www.randomteams.net/,2.1,3.0,2.1,1.4,0.6,1.5,5.0,2.0,Very simple team-size splitting with generated funny team names,Free. No account is required.,basic-randomizer
231,Repixify Random Team Generator,https://www.repixify.com/tools/random-team-generator,2.1,2.3,2.6,2.3,2.0,1.0,5.0,2.0,Users who specifically want leader markers and custom team names and do not care about ad-tech,Free web tool. No account required.,
232,1minusbeta Name Group Generator,https://1minusbeta.com/name-group-generator,2.0,3.2,1.2,1.3,0.8,4.8,5.0,1.9,Ultra-minimal name grouping,Free. No account is required.,"privacy-friendly,basic-randomizer"
233,BestRandoms Random Team Generator,https://www.bestrandoms.com/random-team-generator,2.0,2.8,1.6,1.2,0.5,0.8,4.8,1.8,Very basic ad-supported random group generation,Free ad-supported web tool.,basic-randomizer
234,Breno Design Group Generator,https://www.breno.design/design-tool/group-generator,2.0,2.6,3.4,1.5,1.0,2.0,5.0,2.0,Small rosters where you want to click-select names and make quick visual groups,Free web tool. No account required.,basic-randomizer
235,Calculate.co.nz Random Team Generator,https://www.calculate.co.nz/random-team-generator.php,2.0,4.2,2.1,1.2,1.0,2.4,5.0,1.8,One-off random teams when page-only output is enough,Free web tool. No account required.,basic-randomizer
236,GoSpinWheel Random Group Generator,https://gospinwheel.com/random-group-generator,2.0,2.4,3.6,1.8,2.4,1.6,4.2,1.2,Live wheel-based team assignment when presentation matters more than balanced rosters,"Free ad-supported web wheel. Core spinning and editing work without an account; sign-in or paid plans are tied to public share links, cloud library, and ad-free use.",basic-randomizer
237,RandomCount Team Generator,https://randomcount.in/teamgenerator,2.0,2.8,2.5,1.0,1.0,2.4,5.0,2.0,Tiny groups where adding names one at a time is acceptable,Free web tool. No account required.,basic-randomizer
238,Terrific Tools Random Group Generator,https://terrific.tools/randomizer/random-group-generator,2.0,2.4,2.1,2.0,2.0,1.9,4.6,2.0,People who want a small browser tool with individual member entry and simple group-size controls,"Free web tool. No account required for generation; account prompts are for comments, ratings, bookmarks, and the broader site.",
239,MadeInText Random Group Generator,https://www.madeintext.com/random-group-generator/,1.9,4.6,2.0,1.0,1.0,1.0,5.0,2.0,Very simple one-off random groups when privacy does not matter,Free web tool. No account required.,basic-randomizer
240,PureTables Random Group Generator,https://puretables.com/random-group-generator,1.9,4.2,2.0,1.0,1.0,1.4,5.0,2.0,Very basic page-only random teams,Free web tool. No account required.,basic-randomizer
241,Sheffield Hallam TEL-e-vision Group Maker,https://teaching.shu.ac.uk/hwb/hwbtel/resources/TEL-e-vision/groupmaker.html,1.9,4.2,1.8,1.4,1.2,3.6,5.0,2.0,Very quick no-account random classroom groups,Free web page. No account or payment required.,basic-randomizer
242,Web0 Random Team Generator,https://www.web0.it/random/team/en,1.9,3.7,2.4,1.2,1.0,4.4,5.0,2.0,Ultra-minimal local random groups,Free. No account required.,"privacy-friendly,basic-randomizer"
243,ClassTools Random Group Generator,https://www.classtools.net/random-group-generator/,1.8,4.4,1.0,1.6,3.1,1.0,5.0,2.0,Very quick classroom group splits,"Free, ad-supported web tool. No account or payment is needed for the random group generator. Premium removes ads and adds broader ClassTools workspace/history benefits, but the reviewed free group-generator workflow is surrounded by monetized site clutter.",basic-randomizer
244,Musely Team Builder Generator,https://musely.ai/tools/team-builder-generator,1.8,1.4,3.4,2.0,0.0,1.6,1.8,0.8,Not recommended unless Musely verification works for the user,"Public tool page with free-looking generator controls, upgrade/signup surfaces, and a disabled generate flow in live testing. No completed no-account generation was verified.","constraints,ai-assisted"
245,Schule Dietmannsried Gruppen Generator,https://www.schule-dietmannsried.de/gruppen/,1.8,3.8,1.5,1.5,1.0,4.2,5.0,2.0,Bare-bones German classroom group splitting,Free. No account required.,"privacy-friendly,basic-randomizer"
246,Wheel Decide Random Team Generator,https://wheel-decide.com/randomteamgenerator.php,1.8,2.4,1.8,1.0,0.5,1.8,5.0,1.1,Manual wheel-based team selection with add/remove segments,Free web tool.,basic-randomizer
247,Wheel of Names,https://wheelofnames.com/,1.8,5.0,4.5,1.2,2.5,3.0,4.5,1.2,"Random picking, raffles, and manual group-building workarounds","Free, ad-supported spinner. No paywall for premium wheel features, but that mostly benefits random picking/presentation rather than actual group generation.",basic-randomizer
248,AhaSlides Random Team Generator,https://ahaslides.com/features/random-team-generator/,1.7,1.8,3.8,1.3,1.0,2.7,1.5,2.0,AhaSlides users who already want random-team generation inside an interactive presentation workflow,"AhaSlides has a free plan with limits and paid presentation plans. The pricing page describes up to 5 quiz and 3 poll slides on Free, paid upgrades for unlimited interactive slides, and special education/nonprofit rates.",basic-randomizer
249,BasedLabs Random Team Generator with Conditions,https://www.basedlabs.ai/tools/random-team-generator-with-conditions,1.6,1.8,2.8,1.6,0.8,1.4,1.5,1.5,"Prompt ideas for AI-assisted grouping, not a structured group generator",BasedLabs account/product pricing applies; the public page did not expose a no-account structured generator.,"constraints,basic-randomizer,ai-assisted"
250,FreeTextTools Random Team Generator,https://www.freetexttools.org/random-team-generator/,1.6,2.0,3.0,2.2,1.4,1.2,5.0,0.8,Feature-rich-looking team generator that did not produce visible teams in testing,"Free, ad-supported web tool. No account is required.",
251,BasedLabs Random Group Generator,https://www.basedlabs.ai/tools/random-group-generator,1.4,1.8,2.8,1.2,0.6,1.4,1.5,1.2,"Prompt examples for AI group formation, not a dependable generator",BasedLabs account/product pricing applies; no standalone free structured generator was verified.,"constraints,basic-randomizer,ai-assisted"
252,Wordwall Random Team Generator Resource,https://wordwall.net/resource/37278876/random-team-generator,1.4,1.6,2.6,0.8,1.3,1.8,1.5,0.8,"A prebuilt Wordwall spin-wheel activity, not a real group generator",Viewing the shared resource is free. Editing/assignment/template features involve Wordwall login and subscription-gated surfaces.,basic-randomizer
253,DecisionMakerTool Team Picker,https://www.decisionmakertool.com/team-picker,1.3,2.0,2.8,0.8,0.3,2.4,5.0,0.6,"A visual picker page, not a real team generator",Free. No account is required.,basic-randomizer
254,Teach Starter Random Name Picker,https://www.teachstarter.com/us/widget/random-name-picker-us/,1.1,4.5,3.8,0.8,1.0,3.2,4.0,0.8,"Picking one student at a time, not generating groups","Free random name picker widget; broader Teach Starter resources and saved-account workflows may sit behind free/paid teacher plans, depending on region/resource.",basic-randomizer
255,RemagineAI Random Group Generator,https://remagineai.com/name-generator/random-group-generator,1.0,1.2,2.4,0.8,0.0,1.0,1.0,0.8,Not recommended as a standalone group generator,Account/product funnel; no standalone free structured generator was verified.,"basic-randomizer,ai-assisted"
256,Huqiu Random Group Generator,https://en.huqiu.com/random/random-group-generator.html,0.5,0.0,0.0,0.0,0.0,0.0,0.0,0.0,Not recommended; page was inaccessible during review,Unknown from live testing because the page was inaccessible.,basic-randomizer
